Workbook

Sheet Instructions
B2: Use functions to calculate the values in yellow cells. Use "Shipment Data" sheet as the source data.

Sheet Assignment - Functions
A2: 1.a | B2: Total and average shipments (1000 items) per country during CY1999 Q3 and Q4
B4: Country | C4: Total | D4: Average
B5: Italy | C5: =SUMIFS('Shipment Data'!D:D, 'Shipment Data'!C:C, B5, 'Shipment Data'!A:A, ">=01-Jul-1999", 'Shipment Data'!A:A, "<=31-Dec-1999") / 1000 -> 2066.822 | D5: =AVERAGEIFS('Shipment Data'!D:D, 'Shipment Data'!C:C, B5, 'Shipment Data'!A:A, ">=01-Jul-1999", 'Shipment Data'!A:A, "<=31-Dec-1999") / 1000 -> 86.117583
B6: Germany | C6: =SUMIFS('Shipment Data'!D:D, 'Shipment Data'!C:C, B6, 'Shipment Data'!A:A, ">=01-Jul-1999", 'Shipment Data'!A:A, "<=31-Dec-1999") / 1000 -> 2249.005 | D6: =AVERAGEIFS('Shipment Data'!D:D, 'Shipment Data'!C:C, B6, 'Shipment Data'!A:A, ">=01-Jul-1999", 'Shipment Data'!A:A, "<=31-Dec-1999") / 1000 -> 93.708542
B7: Spain | C7: =SUMIFS('Shipment Data'!D:D, 'Shipment Data'!C:C, B7, 'Shipment Data'!A:A, ">=01-Jul-1999", 'Shipment Data'!A:A, "<=31-Dec-1999") / 1000 -> 1106.117 | D7: =AVERAGEIFS('Shipment Data'!D:D, 'Shipment Data'!C:C, B7, 'Shipment Data'!A:A, ">=01-Jul-1999", 'Shipment Data'!A:A, "<=31-Dec-1999") / 1000 -> 46.088208
B8: France | C8: =SUMIFS('Shipment Data'!D:D, 'Shipment Data'!C:C, B8, 'Shipment Data'!A:A, ">=01-Jul-1999", 'Shipment Data'!A:A, "<=31-Dec-1999") / 1000 -> 1534.424 | D8: =AVERAGEIFS('Shipment Data'!D:D, 'Shipment Data'!C:C, B8, 'Shipment Data'!A:A, ">=01-Jul-1999", 'Shipment Data'!A:A, "<=31-Dec-1999") / 1000 -> 63.934333
A10: 1.b | B10: # of countries selling more than 2000000 items in CY1999 Q3 and Q4: | F10: =COUNTIF(C5:C8, ">2000") -> 2
A12: 1.c | B12: Use the following additional info to | D12: Brand | E12: Cost per item ($)
B13: complete below grid: | D13: StickTight | E13: 0.3
D14: MegaGoop | E14: 0.45
D15: Glue It | E15: 0.3
D16: FixiO | E16: 0.3
D17: JoinFast | E17: 0.28
D18: Adhere | E18: 0.35
B20: Total shipments per brand, expressed in Items and dollars, in CY1999 Q3 and Q4
B22: Brand | C22: Shipments | D22: Cost per Item | E22: Cost of Sales
C23: (1000 Items) | D23: ($) | E23: ($M)
B24: Adhere | C24: =SUMIFS('Shipment Data'!D:D, 'Shipment Data'!B:B, B24, 'Shipment Data'!A:A, ">=01-Jul-1999", 'Shipment Data'!A:A, "<=31-Dec-1999") / 1000 -> 785.801 | D24: =VLOOKUP(B24, $D$13:$E$18, 2, FALSE) -> 0.35 | E24: =C24 * D24 -> 275.03035
B25: FixiO | C25: =SUMIFS('Shipment Data'!D:D, 'Shipment Data'!B:B, B25, 'Shipment Data'!A:A, ">=01-Jul-1999", 'Shipment Data'!A:A, "<=31-Dec-1999") / 1000 -> 318.12 | D25: =VLOOKUP(B25, $D$13:$E$18, 2, FALSE) -> 0.3 | E25: =C25 * D25 -> 95.436
B26: Glue It | C26: =SUMIFS('Shipment Data'!D:D, 'Shipment Data'!B:B, B26, 'Shipment Data'!A:A, ">=01-Jul-1999", 'Shipment Data'!A:A, "<=31-Dec-1999") / 1000 -> 3320.181 | D26: =VLOOKUP(B26, $D$13:$E$18, 2, FALSE) -> 0.3 | E26: =C26 * D26 -> 996.0543
B27: JoinFast | C27: =SUMIFS('Shipment Data'!D:D, 'Shipment Data'!B:B, B27, 'Shipment Data'!A:A, ">=01-Jul-1999", 'Shipment Data'!A:A, "<=31-Dec-1999") / 1000 -> 1638.098 | D27: =VLOOKUP(B27, $D$13:$E$18, 2, FALSE) -> 0.28 | E27: =C27 * D27 -> 458.66744
B28: StickTight | C28: =SUMIFS('Shipment Data'!D:D, 'Shipment Data'!B:B, B28, 'Shipment Data'!A:A, ">=01-Jul-1999", 'Shipment Data'!A:A, "<=31-Dec-1999") / 1000 -> 894.168 | D28: =VLOOKUP(B28, $D$13:$E$18, 2, FALSE) -> 0.3 | E28: =C28 * D28 -> 268.2504
G29: use the Sumproduct function
A30: 1.d | B30: The total cost of the sales is ($M) | E30: =SUMPRODUCT(C24:C28, D24:D28) -> 2093.4385
A34: 1.e | B34: Month, country and brand with the lowest and highest number of items sold.
C35: Amount (items) | D35: Month | E35: Brand | F35: Country
B36: Lowest Sales | C36: =MIN('Shipment Data'!D:D) -> 113 | D36: =INDEX('Shipment Data'!A:A, MATCH(MIN('Shipment Data'!D:D), 'Shipment Data'!D:D, 0)) -> 36434 | E36: =INDEX('Shipment Data'!B:B, MATCH(MIN('Shipment Data'!D:D), 'Shipment Data'!D:D, 0)) -> Adhere | F36: =INDEX('Shipment Data'!C:C, MATCH(MIN('Shipment Data'!D:D), 'Shipment Data'!D:D, 0)) -> FRANCE
B37: Highest Sales | C37: =MAX('Shipment Data'!D:D) -> 311369 | D37: =INDEX('Shipment Data'!A:A, MATCH(MAX('Shipment Data'!D:D), 'Shipment Data'!D:D, 0)) -> 36404 | E37: =INDEX('Shipment Data'!B:B, MATCH(MAX('Shipment Data'!D:D), 'Shipment Data'!D:D, 0)) -> JoinFast | F37: =INDEX('Shipment Data'!C:C, MATCH(MAX('Shipment Data'!D:D), 'Shipment Data'!D:D, 0)) -> ITALY

Sheet Shipment Data
A1: Month | B1: Brand | C1: country | D1: Sales (items)
A2: 36342 | B2: Glue It | C2: FRANCE | D2: 186940
A3: 36342 | B3: StickTight | C3: FRANCE | D3: 45304
A4: 36342 | B4: Adhere | C4: FRANCE | D4: 154
A5: 36342 | B5: FixiO | C5: FRANCE | D5: 23095
A6: 36342 | B6: Glue It | C6: GERMANY | D6: 241893
A7: 36342 | B7: StickTight | C7: GERMANY | D7: 17962
A8: 36342 | B8: Adhere | C8: GERMANY | D8: 124265
A9: 36342 | B9: FixiO | C9: GERMANY | D9: 47072
A10: 36342 | B10: Glue It | C10: ITALY | D10: 27871
A11: 36342 | B11: StickTight | C11: ITALY | D11: 33459
A12: 36342 | B12: JoinFast | C12: ITALY | D12: 284836
A13: 36342 | B13: Adhere | C13: ITALY | D13: 9249
... A97: 36495 | B97: Adhere | C97: SPAIN | D97: 7953
