Workbook

Sheet Instructions
A1: A. Consolidate.
B3: Go to consolidate sheet and use formula to populate values for Total Revenue column for each summary Type.
B4: Use data from Dept. A, Dept. B and Dept. C worksheets to complete this task.
B5: Hint: Use Vlookup
B7: For Summary BB-1 Total Revenue would be $258.
A16: B. Breakdown
B18: Use excel functions to achieve correct values like below.
A31: C. Index
B33: Use Index and Match function to achieve values like below.
B34: Use data available in Index worksheet only.

Sheet Dept. A
B2: Product ID | C2: Total Revenue
B3: AA-1 | C3: 400
B4: AA-2 | C4: 450
B5: AA-3 | C5: 160
B6: BB-1 | C6: 258
B7: BB-2 | C7: 1120

Sheet Dept. B
B2: Product ID | C2: Total Revenue
B3: AA-4 | C3: 365
B4: AA-5 | C4: 286
B5: BB-3 | C5: 668
B6: BB-4 | C6: 2560
B7: BB-5 | C7: 1100

Sheet Dept. C
B2: Product ID | C2: Total Revenue
B3: BB-6 | C3: 1400
B4: BB-7 | C4: 2200
B5: CC-1 | C5: 600
B6: CC-2 | C6: 1000
B7: CC-3 | C7: 1200

Sheet Consolidate
B2: Summary | C2: Total Revenue
B3: BB-1 | C3: =IFERROR(VLOOKUP(B3,'Dept. A'!B:C,2,FALSE),0)+IFERROR(VLOOKUP(B3,'Dept. B'!B:C,2,FALSE),0)+IFERROR(VLOOKUP(B3,'Dept. C'!B:C,2,FALSE),0) -> 258
B4: BB-2 | C4: =IFERROR(VLOOKUP(B4,'Dept. A'!B:C,2,FALSE),0)+IFERROR(VLOOKUP(B4,'Dept. B'!B:C,2,FALSE),0)+IFERROR(VLOOKUP(B4,'Dept. C'!B:C,2,FALSE),0) -> 1120
B5: BB-3 | C5: =IFERROR(VLOOKUP(B5,'Dept. A'!B:C,2,FALSE),0)+IFERROR(VLOOKUP(B5,'Dept. B'!B:C,2,FALSE),0)+IFERROR(VLOOKUP(B5,'Dept. C'!B:C,2,FALSE),0) -> 668
B6: CC-1 | C6: =IFERROR(VLOOKUP(B6,'Dept. A'!B:C,2,FALSE),0)+IFERROR(VLOOKUP(B6,'Dept. B'!B:C,2,FALSE),0)+IFERROR(VLOOKUP(B6,'Dept. C'!B:C,2,FALSE),0) -> 600
B7: CC-2 | C7: =IFERROR(VLOOKUP(B7,'Dept. A'!B:C,2,FALSE),0)+IFERROR(VLOOKUP(B7,'Dept. B'!B:C,2,FALSE),0)+IFERROR(VLOOKUP(B7,'Dept. C'!B:C,2,FALSE),0) -> 1000
B8: AA-1 | C8: =IFERROR(VLOOKUP(B8,'Dept. A'!B:C,2,FALSE),0)+IFERROR(VLOOKUP(B8,'Dept. B'!B:C,2,FALSE),0)+IFERROR(VLOOKUP(B8,'Dept. C'!B:C,2,FALSE),0) -> 400
B9: AA-2 | C9: =IFERROR(VLOOKUP(B9,'Dept. A'!B:C,2,FALSE),0)+IFERROR(VLOOKUP(B9,'Dept. B'!B:C,2,FALSE),0)+IFERROR(VLOOKUP(B9,'Dept. C'!B:C,2,FALSE),0) -> 450
B10: AA-3 | C10: =IFERROR(VLOOKUP(B10,'Dept. A'!B:C,2,FALSE),0)+IFERROR(VLOOKUP(B10,'Dept. B'!B:C,2,FALSE),0)+IFERROR(VLOOKUP(B10,'Dept. C'!B:C,2,FALSE),0) -> 160
B11: AA-4 | C11: =IFERROR(VLOOKUP(B11,'Dept. A'!B:C,2,FALSE),0)+IFERROR(VLOOKUP(B11,'Dept. B'!B:C,2,FALSE),0)+IFERROR(VLOOKUP(B11,'Dept. C'!B:C,2,FALSE),0) -> 365
B12: AA-5 | C12: =IFERROR(VLOOKUP(B12,'Dept. A'!B:C,2,FALSE),0)+IFERROR(VLOOKUP(B12,'Dept. B'!B:C,2,FALSE),0)+IFERROR(VLOOKUP(B12,'Dept. C'!B:C,2,FALSE),0) -> 286

Sheet Breakdown
B2: Summary | C2: Total Revenue | E2: Dept. A | F2: Dept. B | G2: Sub-Total Revenue | H2: Dept. C | I2: Total Revenue
B3: BB-1 | C3: =IFERROR(VLOOKUP(B3,'Dept. A'!B:C,2,FALSE),0)+IFERROR(VLOOKUP(B3,'Dept. B'!B:C,2,FALSE),0)+IFERROR(VLOOKUP(B3,'Dept. C'!B:C,2,FALSE),0) -> 258 | E3: =IFERROR(VLOOKUP(B3,'Dept. A'!B:C,2,FALSE),"NA") -> 258 | F3: =IFERROR(VLOOKUP(B3,'Dept. B'!B:C,2,FALSE),"NA") -> NA | G3: =IF(AND(E3="NA",F3="NA"),"NA",IF(E3="NA",0,E3)+IF(F3="NA",0,F3)) -> 258 | H3: =IFERROR(VLOOKUP(B3,'Dept. C'!B:C,2,FALSE),"NA") -> NA | I3: =IF(AND(G3="NA",H3="NA"),"NA",IF(G3="NA",0,G3)+IF(H3="NA",0,H3)) -> 258
B4: BB-3 | C4: =IFERROR(VLOOKUP(B4,'Dept. A'!B:C,2,FALSE),0)+IFERROR(VLOOKUP(B4,'Dept. B'!B:C,2,FALSE),0)+IFERROR(VLOOKUP(B4,'Dept. C'!B:C,2,FALSE),0) -> 668 | E4: =IFERROR(VLOOKUP(B4,'Dept. A'!B:C,2,FALSE),"NA") -> NA | F4: =IFERROR(VLOOKUP(B4,'Dept. B'!B:C,2,FALSE),"NA") -> 668 | G4: =IF(AND(E4="NA",F4="NA"),"NA",IF(E4="NA",0,E4)+IF(F4="NA",0,F4)) -> 668 | H4: =IFERROR(VLOOKUP(B4,'Dept. C'!B:C,2,FALSE),"NA") -> NA | I4: =IF(AND(G4="NA",H4="NA"),"NA",IF(G4="NA",0,G4)+IF(H4="NA",0,H4)) -> 668
B5: AA-3 | C5: =IFERROR(VLOOKUP(B5,'Dept. A'!B:C,2,FALSE),0)+IFERROR(VLOOKUP(B5,'Dept. B'!B:C,2,FALSE),0)+IFERROR(VLOOKUP(B5,'Dept. C'!B:C,2,FALSE),0) -> 160 | E5: =IFERROR(VLOOKUP(B5,'Dept. A'!B:C,2,FALSE),"NA") -> 160 | F5: =IFERROR(VLOOKUP(B5,'Dept. B'!B:C,2,FALSE),"NA") -> NA | G5: =IF(AND(E5="NA",F5="NA"),"NA",IF(E5="NA",0,E5)+IF(F5="NA",0,F5)) -> 160 | H5: =IFERROR(VLOOKUP(B5,'Dept. C'!B:C,2,FALSE),"NA") -> NA | I5: =IF(AND(G5="NA",H5="NA"),"NA",IF(G5="NA",0,G5)+IF(H5="NA",0,H5)) -> 160
B6: CC-1 | C6: =IFERROR(VLOOKUP(B6,'Dept. A'!B:C,2,FALSE),0)+IFERROR(VLOOKUP(B6,'Dept. B'!B:C,2,FALSE),0)+IFERROR(VLOOKUP(B6,'Dept. C'!B:C,2,FALSE),0) -> 600 | E6: =IFERROR(VLOOKUP(B6,'Dept. A'!B:C,2,FALSE),"NA") -> NA | F6: =IFERROR(VLOOKUP(B6,'Dept. B'!B:C,2,FALSE),"NA") -> NA | G6: =IF(AND(E6="NA",F6="NA"),"NA",IF(E6="NA",0,E6)+IF(F6="NA",0,F6)) -> NA | H6: =IFERROR(VLOOKUP(B6,'Dept. C'!B:C,2,FALSE),"NA") -> 600 | I6: =IF(AND(G6="NA",H6="NA"),"NA",IF(G6="NA",0,G6)+IF(H6="NA",0,H6)) -> 600
B7: AA-2 | C7: =IFERROR(VLOOKUP(B7,'Dept. A'!B:C,2,FALSE),0)+IFERROR(VLOOKUP(B7,'Dept. B'!B:C,2,FALSE),0)+IFERROR(VLOOKUP(B7,'Dept. C'!B:C,2,FALSE),0) -> 450 | E7: =IFERROR(VLOOKUP(B7,'Dept. A'!B:C,2,FALSE),"NA") -> 450 | F7: =IFERROR(VLOOKUP(B7,'Dept. B'!B:C,2,FALSE),"NA") -> NA | G7: =IF(AND(E7="NA",F7="NA"),"NA",IF(E7="NA",0,E7)+IF(F7="NA",0,F7)) -> 450 | H7: =IFERROR(VLOOKUP(B7,'Dept. C'!B:C,2,FALSE),"NA") -> NA | I7: =IF(AND(G7="NA",H7="NA"),"NA",IF(G7="NA",0,G7)+IF(H7="NA",0,H7)) -> 450

Sheet Index
B2: Student ID | C2: Subject | D2: Scores | F2: Student ID | G2: Subject | H2: Scores
B3: 2021-A | C3: Math | D3: 90 | F3: 2021-A | G3: Physics | H3: {=INDEX(D3:D7,MATCH(1,(B3:B7=F3)*(C3:C7=G3),0))} -> 95
B4: 2021-A | C4: Physics | D4: 95 | F4: 2021-C | G4: Physics | H4: {=INDEX(D4:D8,MATCH(1,(B4:B8=F4)*(C4:C8=G4),0))} -> 80
B5: 2021-B | C5: Math | D5: 85
B6: 2021-C | C6: Math | D6: 100
B7: 2021-C | C7: Physics | D7: 80
